{"accuracy": 0.8888888888888888, "feature_importances": [0.19655398924080886, 0.17121256320480177, 0.052708007477242705, 0.13097304013873104, 0.15543231099555366, 0.056364749227533165, 0.23675533971532886]}